{
  "fragment/Create.fragment.xml": 1709974434981,
  "model/models.js": 1709883642030,
  "manifest.json": 1710755669619,
  "model/formatter.js": 1709906875067,
  "controller/Upload.controller.js": 1709975367135,
  "Component.js": 1709974326570,
  "Component-preload.js": 1710755670013,
  "model/models-dbg.js": 1709883642030,
  "model/formatter-dbg.js": 1709906875067,
  "controller/Upload-dbg.controller.js": 1709975367135,
  "Component-dbg.js": 1709974326570,
  "view/Upload.view.xml": 1710755616374,
  "view/App.view.xml": 1709889694408,
  "fragment/Remarks.fragment.xml": 1709973972952,
  "fragment/Edit.fragment.xml": 1709974429149,
  "i18n/i18n.properties": 1709883670738,
  "fragment/Attachment.fragment.xml": 1709889756451,
  "css/style.css": 1709883642034,
  "index.html": 1709883642022
}