{
  "controller/ItemDetails.controller.js": 1711016135163,
  "manifest.json": 1714142635527,
  "model/models.js": 1709883642030,
  "model/formatter.js": 1710917985053,
  "controller/Upload.controller.js": 1714142555661,
  "i18n/i18n.properties": 1713890805113,
  "controller/InvoiceCreate.controller.js": 1713946440914,
  "Component.js": 1714044678261,
  "Component-preload.js": 1714142635940,
  "model/models-dbg.js": 1709883642030,
  "model/formatter-dbg.js": 1710917985053,
  "controller/Upload-dbg.controller.js": 1714142555661,
  "controller/ItemDetails-dbg.controller.js": 1711016135163,
  "controller/InvoiceCreate-dbg.controller.js": 1713946440914,
  "Component-dbg.js": 1714044678261,
  "view/Upload.view.xml": 1713890708062,
  "view/ItemDetails.view.xml": 1714137963180,
  "view/InvoiceCreate.view.xml": 1714043734482,
  "view/App.view.xml": 1713890738850,
  "css/style.css": 1709883642034,
  "fragment/fragMaterial.fragment.xml": 1712208185876,
  "fragment/Remarks.fragment.xml": 1713960399701,
  "fragment/Edit.fragment.xml": 1711017663978,
  "fragment/Attachment.fragment.xml": 1709889756451,
  "index.html": 1709883642022
}