{
  "controller/ItemDetails-dbg.controller.js": 1711016135163,
  "model/models.js": 1709883642030,
  "manifest.json": 1713890895236,
  "model/formatter.js": 1710917985053,
  "controller/Upload.controller.js": 1713885467353,
  "controller/ItemDetails.controller.js": 1711016135163,
  "controller/InvoiceCreate.controller.js": 1713881782841,
  "Component.js": 1713888272831,
  "Component-preload.js": 1713890895664,
  "model/models-dbg.js": 1709883642030,
  "model/formatter-dbg.js": 1710917985053,
  "controller/Upload-dbg.controller.js": 1713885467353,
  "i18n/i18n.properties": 1713890805113,
  "controller/InvoiceCreate-dbg.controller.js": 1713881782841,
  "Component-dbg.js": 1713888272831,
  "view/Upload.view.xml": 1713890708062,
  "view/ItemDetails.view.xml": 1711016076455,
  "view/InvoiceCreate.view.xml": 1713882283188,
  "view/App.view.xml": 1713890738850,
  "css/style.css": 1709883642034,
  "fragment/fragMaterial.fragment.xml": 1712208185876,
  "fragment/Remarks.fragment.xml": 1713883542453,
  "fragment/Edit.fragment.xml": 1711017663978,
  "fragment/Attachment.fragment.xml": 1709889756451,
  "index.html": 1709883642022
}