{
  "index.html": 1709883642022,
  "Component.js": 1709974326570,
  "model/models.js": 1709883642030,
  "model/formatter.js": 1710917985053,
  "controller/Upload.controller.js": 1710935197135,
  "controller/ItemDetails.controller.js": 1710933244595,
  "controller/InvoiceCreate.controller.js": 1710932930175,
  "manifest.json": 1710937761627,
  "Component-preload.js": 1710937762139,
  "Component-dbg.js": 1709974326570,
  "model/formatter-dbg.js": 1710917985053,
  "controller/Upload-dbg.controller.js": 1710935197135,
  "controller/ItemDetails-dbg.controller.js": 1710933244595,
  "controller/InvoiceCreate-dbg.controller.js": 1710932930175,
  "model/models-dbg.js": 1709883642030,
  "view/Upload.view.xml": 1710934160643,
  "view/ItemDetails.view.xml": 1710935378943,
  "view/InvoiceCreate.view.xml": 1710937700749,
  "view/App.view.xml": 1709889694408,
  "fragment/Remarks.fragment.xml": 1709973972952,
  "fragment/Edit.fragment.xml": 1709974429149,
  "fragment/Create.fragment.xml": 1709974434981,
  "fragment/Attachment.fragment.xml": 1709889756451,
  "css/style.css": 1709883642034,
  "i18n/i18n.properties": 1709883670738
}