{
  "Component-dbg.js": 1713856728687,
  "controller/ItemDetails.controller.js": 1711016135163,
  "model/models.js": 1709883642030,
  "model/formatter.js": 1710917985053,
  "controller/Upload.controller.js": 1713873511866,
  "manifest.json": 1713873566531,
  "controller/InvoiceCreate.controller.js": 1713873282351,
  "Component.js": 1713856728687,
  "Component-preload.js": 1713873566955,
  "model/models-dbg.js": 1709883642030,
  "model/formatter-dbg.js": 1710917985053,
  "controller/Upload-dbg.controller.js": 1713873511866,
  "controller/ItemDetails-dbg.controller.js": 1711016135163,
  "controller/InvoiceCreate-dbg.controller.js": 1713873282351,
  "i18n/i18n.properties": 1711605682245,
  "view/Upload.view.xml": 1713871773886,
  "view/ItemDetails.view.xml": 1711016076455,
  "view/InvoiceCreate.view.xml": 1713873157839,
  "view/App.view.xml": 1709889694408,
  "fragment/fragMaterial.fragment.xml": 1712208185876,
  "fragment/Remarks.fragment.xml": 1713856870538,
  "fragment/Edit.fragment.xml": 1711017663978,
  "fragment/Attachment.fragment.xml": 1709889756451,
  "css/style.css": 1709883642034,
  "index.html": 1709883642022
}