{
  "controller/Upload-dbg.controller.js": 1711034834048,
  "controller/ItemDetails.controller.js": 1711016135163,
  "model/models.js": 1709883642030,
  "model/formatter.js": 1710917985053,
  "controller/Upload.controller.js": 1711034834048,
  "manifest.json": 1711100752532,
  "controller/InvoiceCreate.controller.js": 1711100701051,
  "Component.js": 1711033530577,
  "Component-preload.js": 1711100752777,
  "controller/ItemDetails-dbg.controller.js": 1711016135163,
  "model/formatter-dbg.js": 1710917985053,
  "i18n/i18n.properties": 1709883670738,
  "model/models-dbg.js": 1709883642030,
  "controller/InvoiceCreate-dbg.controller.js": 1711100701051,
  "Component-dbg.js": 1711033530577,
  "view/Upload.view.xml": 1711034280113,
  "view/ItemDetails.view.xml": 1711016076455,
  "view/InvoiceCreate.view.xml": 1711021150255,
  "view/App.view.xml": 1709889694408,
  "css/style.css": 1709883642034,
  "fragment/Remarks.fragment.xml": 1709973972952,
  "fragment/Edit.fragment.xml": 1711017663978,
  "fragment/Attachment.fragment.xml": 1709889756451,
  "index.html": 1709883642022
}